Product, Brand_Name, Price, Original_Price, Discount(%)
Ant Audio W56 Wired Metal in Ear Stereo Bass Headphone (Black),Ant Audio,590,709,54%
Ant Audio W56 Wired Metal in Ear Stereo Bass Headphone (Red),Ant Audio,599,700,53%
Ant Audio W56 Wired Metal in Ear Stereo Bass Headphone (Blue),Ant Audio,599,700,53%
Ant Audio W56 Wired Metal in Ear Stereo Bass Headphone (Green),Ant Audio,599,700,53%
Ant Audio Thump 504 Wired Portable Hi-Fi Earphone with Mic (Black),Ant Audio,299,700,70%
Ant Audio W55 Wired Ultimate Portable Hi-Fi Headphones (Gun Metal),Ant Audio,499,500,50%
Ant Audio H56 Bluetooth Metal in Ear Stereo Bass Headphone (Black),Ant Audio,999,2300,69%
Ant Audio Thump 504 Wired Portable Hi-Fi Earphone with Mic (White and Silver),Ant Audio,299,700,70%
Ant Audio Treble H82 On-Ear Bluetooth Headphones with Mic (Black),Ant Audio,999,2500,71%
Ant Audio Dual Driver W59 in-Ear Wired Headset with Mic (Black),Ant Audio,699,1800,72%
Ant Audio Thump 504 Wired Portable Hi-Fi Earphone with Mic (Black and Gold),Ant Audio,299,700,70%
Ant Audio Treble H82 On-Ear Bluetooth Headphones with Mic (Black and Red),Ant Audio,1049,2450,70%
(CERTIFIED REFURBISHED) Ant Audio W56 Wired Metal in Ear Stereo Bass Headphone (Black),Ant Audio,400,899,69%
Ant Audio Treble H82 On-Ear Bluetooth Headphones with Mic (Blue),Ant Audio,999,2500,71%
Ant Audio Treble H82 On-Ear Bluetooth Headphones with Mic (Green),Ant Audio,999,2500,71%
Ant Audio H27 Wireless Sports Earphone with Mic (Black),Ant Audio,1199,2300,65%
Ant Audio Doble H2 Dual Driver Wireless in-Ear Headset (White),Ant Audio,1798,4201,70%
Ant Audio Doble W2 Dual Driver Wired in-Ear Headset (Black),Ant Audio,1099,1900,63%
Ant Audio H56 Bluetooth Metal in Ear Stereo Bass Headphone (Red),Ant Audio,999,2300,69%
Ant Audio H56 Bluetooth Metal in Ear Stereo Bass Headphone (Blue),Ant Audio,999,2300,69%
